START,END,TITLE,DESC
2015-04-04 02:00:00PM,2015-04-04 05:00:00PM,Nor Cal Champions Game,MAVS V SAC + MAIDENS V LADY SAC - Ygnacio Valley Park Concord
2015-04-11 12:30:00PM,2015-04-11 04:30:00PM,GGAFL Round 1,Ygnacio Valley Park Concord
2015-04-18 10:00:00AM,2015-04-18 02:00:00PM,GGAFL Round 2,Martin Luther King Park San Mateo - MORNING GAME
2015-05-02 12:30:00PM,2015-05-02 04:30:00PM,GGAFL Round 3,Ygnacio Valley Park Concord
2015-05-09 04:00:00PM,2015-05-09 08:00:00PM,GGAFL Round 4,Heather Farms Park Walnut Creek - NIGHT GAME
2015-05-16 10:00:00AM,2015-05-16 02:00:00PM,GGAFL Round 5,Martin Luther King Park San Mateo - MORNING GAME
2015-05-30 12:30:00PM,2015-05-31 04:30:00PM,GGAFL Round 6,Ygnacio Valley Park Concord
2015-06-06 10:00:00AM,2015-06-06 02:00:00PM,GGAFL Round 7,Ygnacio Valley Park Concord - MORNING ROUND
2015-06-13 12:30:00PM,2015-06-13 04:30:00PM,GGAFL Round 8,Ygnacio Valley Park Concord
2015-06-20 10:00:00AM,2015-06-20 02:00:00PM,GGAFL Round 9,Ygnacio Valley Park Concord - MORNING ROUND
2015-06-27 09:00:00AM,2015-06-27 05:00:00PM,Western Regional Tournament in Sacramento,Games TBA
2015-07-11 12:30:00PM,2015-07-11 04:30:00PM,GGAFL Round 10,Ground + Matches TBA
2015-07-18 02:00:00PM,2015-07-18 05:00:00PM,Grand Final & PARTY,Lets Get Fucked Up
2015-07-25 09:00:00AM,2015-07-25 05:00:00PM,Portland Tournament,Grounds + Matches TBA
2015-08-01 09:00:00AM,2015-08-01 05:00:00PM,49th parallel Cup,Grounds + Matches TBA
